Country,2019,2018,2017,2016,2015
Afghanistan,4.3 [1.7-7.7],4.6 [2.1-7.8],4.9 [2.5-7.9],5.3 [3.2-8.1],5.9 [4.1-8.4]
Albania,2.0 [1.8-2.2],2.1 [1.9-2.3],2.2 [2.0-2.3],2.3 [2.1-2.4],2.3 [2.2-2.5]
Algeria,3.3 [3.2-3.5],3.4 [3.3-3.5],3.5 [3.4-3.5],3.5 [3.5-3.6],3.6 [3.5-3.7]
Andorra,0.8 [0.6-1.0],0.8 [0.7-1.1],0.9 [0.7-1.1],0.9 [0.7-1.1],0.9 [0.7-1.2]
Angola,16.5 [12.8-21.0],17.1 [13.3-21.8],17.7 [13.8-22.6],18.5 [14.4-23.5],19.3 [15.1-24.6]
Antigua and Barbuda,1.7 [1.3-2.1],1.7 [1.3-2.2],1.8 [1.4-2.2],1.8 [1.4-2.3],1.9 [1.5-2.4]
Argentina,1.8 [1.7-2.0],1.9 [1.9-2.0],2.0 [2.0-2.1],2.1 [2.1-2.2],2.2 [2.1-2.2]
Armenia,1.9 [1.7-2.2],2.0 [1.8-2.2],2.0 [1.8-2.2],2.0 [1.9-2.2],2.0 [1.9-2.2]
Australia,0.8 [0.7-0.8],0.8 [0.8-0.9],0.8 [0.8-0.9],0.9 [0.8-0.9],0.9 [0.9-0.9]
Austria,0.8 [0.7-0.9],0.8 [0.7-0.9],0.8 [0.7-0.9],0.8 [0.8-0.9],0.9 [0.8-0.9]
Azerbaijan,3.0 [2.8-3.3],3.1 [2.9-3.3],3.2 [3.0-3.3],3.2 [3.1-3.3],3.3 [3.1-3.4]
Bahamas,2.5 [1.9-3.3],2.6 [2.0-3.3],2.7 [2.1-3.3],2.7 [2.2-3.4],2.8 [2.3-3.4]
Bahrain,1.8 [1.3-2.5],1.8 [1.4-2.5],1.9 [1.5-2.5],1.9 [1.6-2.4],2.0 [1.7-2.4]
Bangladesh,6.9 [4.5-10.7],6.6 [4.8-9.0],6.3 [5.0-7.8],6.1 [5.2-7.1],6.1 [5.4-7.0]
Barbados,1.7 [1.1-2.6],1.8 [1.2-2.6],1.8 [1.3-2.6],1.9 [1.3-2.6],1.9 [1.4-2.6]
Belarus,1.2 [1.1-1.4],1.3 [1.2-1.4],1.4 [1.3-1.5],1.5 [1.4-1.6],1.6 [1.5-1.6]
Belgium,0.8 [0.7-0.9],0.8 [0.8-0.9],0.8 [0.8-0.9],0.9 [0.8-0.9],0.9 [0.9-0.9]
Belize,2.7 [2.2-3.3],2.8 [2.3-3.4],2.9 [2.4-3.4],3.0 [2.6-3.4],3.1 [2.7-3.5]
Benin,19.6 [15.5-25.1],20.2 [16.2-25.4],20.7 [16.8-25.7],21.3 [17.5-26.0],21.8 [18.2-26.4]
Bhutan,7.1 [4.3-11.4],7.3 [4.6-11.5],7.6 [4.9-11.5],7.8 [5.2-11.6],8.1 [5.5-11.8]
Bolivia (Plurinational State of),4.1 [2.6-6.5],4.2 [2.7-6.5],4.4 [2.9-6.6],4.5 [3.1-6.6],4.6 [3.3-6.7]
Bosnia and Herzegovina,1.2 [1.0-1.5],1.2 [1.0-1.4],1.2 [1.1-1.4],1.2 [1.1-1.4],1.2 [1.1-1.4]
Botswana,5.8 [3.6-9.3],6.0 [3.8-9.3],6.2 [4.1-9.4],6.4 [4.3-9.4],6.6 [4.6-9.4]
Brazil,2.4 [2.2-2.5],2.4 [2.3-2.5],2.5 [2.4-2.6],2.6 [2.5-2.6],2.6 [2.6-2.7]
Brunei Darussalam,2.4 [2.0-2.9],2.5 [2.1-2.9],2.5 [2.2-2.9],2.6 [2.2-2.9],2.6 [2.3-2.9]
Bulgaria,1.7 [1.5-1.9],1.7 [1.6-1.9],1.7 [1.6-1.9],1.8 [1.7-1.9],1.8 [1.7-2.0]
Burkina Faso,17.4 [9.3-30.0],18.0 [9.9-30.2],18.5 [10.5-30.2],19.1 [11.1-30.4],19.7 [11.8-30.5]
Burundi,21.3 [13.3-36.4],21.8 [14.3-35.0],22.2 [15.3-33.5],22.4 [16.3-31.6],22.5 [17.1-30.1]
Cabo Verde,1.9 [1.5-2.5],2.0 [1.6-2.6],2.1 [1.7-2.6],2.2 [1.8-2.7],2.3 [2.0-2.8]
Cambodia,4.8 [2.8-7.5],5.0 [3.0-7.6],5.2 [3.2-7.7],5.4 [3.4-7.9],5.7 [3.7-8.1]
Cameroon,22.6 [16.4-28.7],23.2 [17.2-28.9],23.6 [18.0-29.1],24.0 [18.9-29.2],24.4 [19.7-29.3]
Canada,0.9 [0.8-1.0],0.9 [0.9-1.0],1.0 [0.9-1.0],1.0 [1.0-1.1],1.1 [1.0-1.1]
Central African Republic,14.2 [7.2-28.9],14.5 [7.6-29.2],14.9 [8.0-29.2],15.3 [8.5-29.4],15.8 [9.0-29.5]
Chad,25.7 [18.4-36.2],26.4 [19.3-36.3],27.1 [20.3-36.5],27.8 [21.2-36.6],28.5 [22.0-36.7]
Chile,1.4 [1.2-1.6],1.4 [1.3-1.6],1.5 [1.4-1.6],1.5 [1.4-1.6],1.5 [1.4-1.6]
China,1.9 [1.3-2.8],1.9 [1.4-2.8],2.0 [1.5-2.8],2.1 [1.6-2.8],2.1 [1.7-2.8]
Colombia,2.5 [2.4-2.6],2.5 [2.4-2.5],2.5 [2.5-2.6],2.5 [2.5-2.6],2.6 [2.5-2.6]
Comoros,8.4 [4.7-15.7],8.7 [5.0-15.7],8.9 [5.3-15.7],9.2 [5.6-15.7],9.4 [5.9-15.8]
Congo,7.9 [4.9-12.7],8.2 [5.2-12.8],8.5 [5.5-12.9],8.8 [5.9-13.0],9.1 [6.3-13.2]
Cook Islands,2.0 [1.6-2.6],2.1 [1.6-2.7],2.2 [1.7-2.8],2.2 [1.7-2.8],2.3 [1.8-2.9]
Costa Rica,1.7 [1.6-1.8],1.7 [1.6-1.8],1.8 [1.7-1.9],1.8 [1.7-1.9],1.8 [1.8-1.9]
CÃ´te d'Ivoire,24.7 [17.2-38.1],25.1 [17.9-37.8],25.6 [18.6-37.4],25.8 [19.2-36.7],26.0 [19.7-35.8]
Croatia,1.1 [0.9-1.2],1.1 [0.9-1.2],1.1 [1.0-1.2],1.1 [1.0-1.2],1.1 [1.0-1.2]
Cuba,2.0 [1.9-2.1],2.0 [1.9-2.1],2.0 [1.9-2.1],2.0 [1.9-2.1],2.0 [1.9-2.1]
Cyprus,0.9 [0.7-1.1],0.9 [0.7-1.2],1.0 [0.8-1.2],1.0 [0.9-1.2],1.1 [0.9-1.3]
Czechia,0.9 [0.8-1.0],0.9 [0.8-0.9],0.9 [0.8-1.0],0.9 [0.9-1.0],0.9 [0.9-1.0]
Democratic People's Republic of Korea,3.9 [3.1-5.0],4.1 [3.2-5.2],4.2 [3.3-5.4],4.4 [3.4-5.6],4.6 [3.6-5.9]
Democratic Republic of the Congo,22.1 [16.7-29.3],22.6 [17.5-29.5],23.2 [18.3-29.7],23.7 [18.9-29.9],24.2 [19.6-30.1]
Denmark,0.6 [0.5-0.7],0.6 [0.5-0.7],0.6 [0.6-0.7],0.7 [0.6-0.7],0.7 [0.6-0.7]
Djibouti,12.8 [10.0-16.4],13.2 [10.3-16.9],13.6 [10.6-17.4],14.0 [10.9-17.9],14.5 [11.3-18.5]
Dominica,3.2 [2.0-5.2],3.3 [2.1-5.2],3.3 [2.1-5.2],3.4 [2.2-5.1],3.4 [2.3-5.0]
Dominican Republic,2.8 [1.7-4.9],2.9 [1.8-4.9],3.0 [1.9-4.9],3.1 [2.0-4.9],3.2 [2.2-4.9]
Ecuador,3.3 [2.0-5.6],3.4 [2.1-5.6],3.5 [2.2-5.6],3.6 [2.3-5.5],3.7 [2.5-5.5]
Egypt,4.3 [4.2-4.4],4.4 [4.3-4.5],4.5 [4.4-4.6],4.6 [4.5-4.7],4.7 [4.7-4.8]
El Salvador,3.2 [2.8-3.6],3.2 [2.9-3.5],3.2 [3.0-3.5],3.2 [3.0-3.4],3.2 [3.0-3.3]
Equatorial Guinea,16.2 [12.7-20.8],16.8 [13.1-21.5],17.4 [13.6-22.3],18.0 [14.1-23.1],18.6 [14.5-23.8]
Eritrea,7.5 [4.1-15.2],7.7 [4.3-15.3],8.0 [4.6-15.5],8.3 [4.8-15.5],8.6 [5.1-15.6]
Estonia,1.1 [0.9-1.3],1.2 [1.0-1.4],1.2 [1.1-1.4],1.3 [1.1-1.5],1.4 [1.2-1.5]
Eswatini,13.4 [6.9-25.5],13.8 [7.2-25.4],14.1 [7.6-25.2],14.3 [7.9-25.0],14.6 [8.3-24.8]
Ethiopia,10.7 [6.3-15.9],11.2 [6.8-16.2],11.7 [7.5-16.7],12.4 [8.2-17.3],13.3 [9.1-18.0]
Fiji,4.8 [4.0-5.7],4.8 [4.1-5.7],4.9 [4.3-5.6],4.9 [4.3-5.5],4.9 [4.4-5.5]
Finland,0.7 [0.6-0.8],0.7 [0.7-0.8],0.8 [0.7-0.8],0.8 [0.7-0.9],0.8 [0.8-0.9]
France,0.7 [0.7-0.8],0.8 [0.7-0.8],0.8 [0.7-0.8],0.8 [0.8-0.8],0.8 [0.8-0.8]
Gabon,12.3 [6.4-24.2],12.7 [6.7-24.4],13.1 [7.1-24.4],13.4 [7.5-24.4],13.8 [7.9-24.4]
Gambia,10.3 [8.1-13.3],10.7 [8.4-13.7],11.1 [8.7-14.3],11.5 [9.0-14.8],12.0 [9.4-15.4]
Georgia,2.4 [2.2-2.7],2.5 [2.3-2.7],2.5 [2.3-2.7],2.5 [2.4-2.7],2.6 [2.4-2.7]
Germany,0.8 [0.8-0.9],0.8 [0.8-0.8],0.8 [0.8-0.8],0.8 [0.8-0.8],0.8 [0.8-0.8]
Ghana,10.7 [8.5-13.5],11.0 [8.9-13.6],11.3 [9.3-13.8],11.6 [9.7-14.0],12.0 [10.1-14.2]
Greece,0.9 [0.8-1.0],0.9 [0.8-1.0],0.9 [0.9-1.0],0.9 [0.9-1.0],1.0 [0.9-1.0]
Grenada,3.8 [2.8-5.1],3.8 [2.9-5.0],3.8 [3.0-4.9],3.8 [3.0-4.8],3.8 [3.1-4.7]
Guatemala,3.7 [3.4-3.9],3.8 [3.6-3.9],3.8 [3.7-4.0],3.9 [3.8-4.0],4.0 [3.9-4.1]
Guinea,18.8 [14.9-24.7],19.3 [15.6-24.8],19.8 [16.3-25.0],20.3 [16.9-25.1],20.9 [17.5-25.2]
Guinea-Bissau,15.5 [8.2-26.6],16.0 [8.8-26.7],16.6 [9.4-26.9],17.2 [10.2-27.1],17.8 [11.1-27.2]
Guyana,4.9 [3.9-6.1],5.0 [4.0-6.0],5.0 [4.2-6.0],5.1 [4.4-5.9],5.1 [4.5-5.7]
Haiti,10.9 [7.4-15.3],11.2 [7.8-15.4],11.5 [8.2-15.6],11.9 [8.6-15.8],12.2 [9.1-16.1]
Honduras,4.4 [2.8-8.4],4.5 [2.9-8.3],4.6 [3.1-8.2],4.8 [3.2-8.0],4.9 [3.4-7.7]
Hungary,1.0 [0.9-1.0],1.0 [0.9-1.1],1.0 [1.0-1.1],1.1 [1.0-1.1],1.1 [1.0-1.2]
Iceland,0.5 [0.3-0.7],0.5 [0.3-0.7],0.5 [0.4-0.7],0.6 [0.4-0.8],0.6 [0.4-0.8]
India,5.5 [4.5-6.6],5.7 [4.8-6.7],6.0 [5.2-6.8],6.3 [5.6-7.0],6.7 [6.0-7.3]
Indonesia,5.1 [4.0-7.3],5.3 [4.2-7.3],5.4 [4.3-7.3],5.6 [4.5-7.3],5.8 [4.7-7.3]
Iran (Islamic Republic of),3.5 [3.2-3.7],3.6 [3.4-3.8],3.8 [3.7-3.9],4.0 [3.9-4.0],4.2 [4.1-4.3]
Iraq,3.8 [1.7-8.4],4.3 [2.0-9.2],9.3 [4.5-19.6],12.3 [6.1-25.1],11.2 [5.7-22.3]
Ireland,0.6 [0.5-0.7],0.6 [0.5-0.7],0.7 [0.6-0.8],0.7 [0.6-0.8],0.7 [0.7-0.8]
Israel,0.9 [0.8-0.9],0.9 [0.8-1.0],0.9 [0.9-1.0],1.0 [0.9-1.0],1.0 [0.9-1.0]
Italy,0.9 [0.7-1.0],0.8 [0.8-0.9],0.8 [0.8-0.9],0.8 [0.8-0.8],0.8 [0.8-0.8]
Jamaica,2.7 [2.1-3.5],2.8 [2.2-3.5],2.8 [2.2-3.6],2.9 [2.3-3.7],3.0 [2.3-3.8]
Japan,0.7 [0.7-0.8],0.8 [0.7-0.8],0.8 [0.8-0.8],0.8 [0.8-0.8],0.8 [0.8-0.8]
Jordan,3.4 [3.2-3.7],3.4 [3.2-3.6],3.3 [3.2-3.5],3.3 [3.2-3.4],3.2 [3.1-3.3]
Kazakhstan,2.7 [2.7-2.8],2.8 [2.7-2.9],2.9 [2.8-3.0],3.0 [2.9-3.0],3.1 [3.0-3.1]
Kenya,9.9 [5.9-17.1],10.2 [6.2-16.9],10.4 [6.6-16.7],10.6 [6.9-16.4],10.8 [7.3-16.0]
Kiribati,9.3 [7.3-11.9],9.5 [7.5-12.2],9.8 [7.6-12.5],10.0 [7.8-12.8],10.2 [8.0-13.1]
Kuwait,1.8 [1.6-2.3],1.9 [1.7-2.2],1.9 [1.8-2.1],1.9 [1.8-2.1],2.0 [1.8-2.1]
Kyrgyzstan,3.0 [2.8-3.1],3.0 [2.9-3.2],3.1 [3.0-3.2],3.1 [3.0-3.2],3.2 [3.1-3.2]
Lao People's Democratic Republic,8.2 [5.6-11.3],8.5 [6.1-11.6],9.0 [6.5-11.9],9.5 [7.1-12.4],10.1 [7.7-12.9]
Latvia,1.4 [1.1-1.6],1.5 [1.2-1.6],1.5 [1.3-1.7],1.6 [1.4-1.8],1.7 [1.5-1.9]
Lebanon,1.9 [1.4-2.4],1.9 [1.5-2.4],2.2 [1.7-2.8],2.0 [1.5-2.5],2.2 [1.7-2.9]
Lesotho,8.6 [6.4-11.6],8.8 [6.7-11.6],9.1 [7.0-11.8],9.3 [7.3-11.9],9.5 [7.6-12.0]
Liberia,15.5 [8.4-26.1],16.0 [8.9-26.0],16.6 [9.5-26.2],17.1 [10.1-26.0],17.6 [10.7-26.1]
Libya,4.1 [1.8-10.4],3.7 [1.6-9.1],4.1 [1.9-9.9],5.3 [2.5-12.6],5.1 [2.4-11.8]
Lithuania,1.4 [1.2-1.6],1.5 [1.3-1.6],1.5 [1.4-1.7],1.6 [1.5-1.8],1.7 [1.6-1.8]
Luxembourg,0.4 [0.3-0.6],0.4 [0.3-0.6],0.4 [0.3-0.6],0.4 [0.3-0.6],0.4 [0.3-0.6]
Madagascar,18.2 [13.3-27.6],18.5 [13.8-26.9],18.8 [14.2-26.0],19.0 [14.7-25.3],19.2 [15.1-24.7]
Malawi,12.0 [9.3-16.1],12.4 [9.8-16.3],12.9 [10.4-16.5],13.3 [10.9-16.7],13.8 [11.5-17.0]
Malaysia,2.6 [2.5-2.7],2.6 [2.5-2.7],2.6 [2.6-2.7],2.6 [2.6-2.7],2.6 [2.6-2.7]
Maldives,1.9 [1.5-2.3],2.0 [1.6-2.4],2.1 [1.8-2.5],2.2 [2.0-2.6],2.4 [2.1-2.7]
Mali,22.1 [17.5-27.9],22.6 [18.1-28.1],23.1 [18.7-28.3],23.5 [19.4-28.5],24.0 [20.0-28.7]
Malta,0.8 [0.5-1.2],0.8 [0.6-1.2],0.9 [0.6-1.2],0.9 [0.6-1.2],0.9 [0.7-1.2]
Marshall Islands,6.4 [5.0-8.2],6.5 [5.1-8.4],6.7 [5.2-8.6],6.8 [5.4-8.8],7.0 [5.5-9.0]
Mauritania,7.3 [3.3-17.0],7.5 [3.5-17.1],7.7 [3.7-17.3],8.0 [3.8-17.4],8.2 [4.0-17.5]
Mauritius,1.8 [1.6-2.1],1.9 [1.7-2.1],1.9 [1.7-2.1],1.9 [1.8-2.1],2.0 [1.8-2.2]
Mexico,2.5 [2.4-2.6],2.6 [2.5-2.6],2.6 [2.5-2.6],2.6 [2.6-2.6],2.6 [2.6-2.7]
Micronesia (Federated States of),6.0 [4.7-7.7],6.2 [4.8-7.9],6.4 [4.9-8.1],6.5 [5.1-8.3],6.7 [5.2-8.5]
Monaco,0.8 [0.7-1.1],0.9 [0.7-1.1],0.9 [0.7-1.1],0.9 [0.7-1.2],0.9 [0.7-1.2]
Mongolia,3.4 [3.2-3.7],3.8 [3.6-4.0],4.2 [4.1-4.4],4.7 [4.5-4.8],5.1 [4.9-5.2]
Montenegro,1.0 [0.7-1.3],1.0 [0.7-1.3],1.0 [0.8-1.4],1.1 [0.8-1.4],1.1 [0.9-1.4]
Morocco,2.6 [1.6-4.1],2.7 [1.7-4.1],2.8 [1.8-4.1],2.9 [1.9-4.1],3.0 [2.1-4.2]
Mozambique,15.3 [9.3-24.6],15.7 [9.9-24.6],16.2 [10.5-24.8],16.7 [11.2-25.0],17.2 [11.9-25.2]
Myanmar,4.7 [2.3-7.8],5.0 [2.6-7.9],5.2 [2.9-8.0],5.6 [3.4-8.2],6.0 [3.9-8.5]
Namibia,11.1 [7.0-17.9],11.4 [7.4-17.9],11.7 [7.8-17.9],12.1 [8.3-17.9],12.3 [8.8-17.7]
Nauru,6.2 [4.9-8.0],6.4 [5.0-8.2],6.6 [5.1-8.4],6.7 [5.2-8.6],6.9 [5.4-8.8]
Nepal,5.3 [3.5-9.8],5.4 [3.8-9.7],5.6 [4.0-9.6],5.8 [4.2-9.4],8.8 [6.7-13.7]
Netherlands,0.7 [0.7-0.7],0.7 [0.7-0.8],0.7 [0.7-0.8],0.8 [0.7-0.8],0.8 [0.8-0.8]
New Zealand,1.0 [0.8-1.1],1.0 [0.8-1.1],1.0 [0.9-1.1],1.0 [0.9-1.2],1.1 [1.0-1.2]
Nicaragua,3.3 [1.7-6.4],3.4 [1.8-6.5],3.5 [1.9-6.5],3.6 [2.0-6.5],3.8 [2.2-6.5]
Niger,30.3 [19.8-46.3],31.2 [20.9-46.5],32.1 [22.2-46.4],33.0 [23.3-46.3],34.0 [24.5-46.6]
Nigeria,21.3 [17.3-26.7],21.7 [17.9-26.8],22.2 [18.4-26.9],22.6 [19.0-27.0],23.0 [19.5-27.1]
Niue,5.0 [3.9-6.4],5.1 [4.0-6.5],5.2 [4.1-6.7],5.4 [4.2-6.9],5.5 [4.3-7.1]
Norway,0.7 [0.6-0.7],0.7 [0.6-0.8],0.7 [0.7-0.8],0.7 [0.7-0.8],0.8 [0.7-0.8]
occupied Palestinian territory, 3.1 [1.2-8.3],3.2 [1.3-8.5],3.3 [1.3-8.5],3.4 [1.4-8.6],3.4 [1.5-8.6]
Oman,2.5 [2.0-3.2],2.5 [2.0-3.2],2.5 [2.0-3.2],2.5 [2.0-3.2],2.5 [2.0-3.2]
Pakistan,8.4 [4.6-15.2],8.6 [5.0-14.7],8.8 [5.5-14.3],9.0 [6.0-13.8],9.2 [6.7-13.4]
Palau,4.0 [3.1-5.1],4.1 [3.2-5.2],4.2 [3.2-5.3],4.3 [3.3-5.5],4.4 [3.4-5.6]
Panama,3.0 [2.8-3.2],3.1 [2.9-3.2],3.2 [3.0-3.3],3.3 [3.1-3.4],3.4 [3.2-3.5]
Papua New Guinea,8.4 [6.6-10.7],8.6 [6.8-11.0],8.8 [6.9-11.3],9.0 [7.1-11.5],9.2 [7.2-11.8]
Paraguay,2.8 [1.5-5.0],2.9 [1.6-5.1],3.0 [1.7-5.1],3.1 [1.8-5.1],3.2 [1.9-5.2]
Peru,2.8 [2.0-4.1],2.9 [2.2-4.1],3.0 [2.3-4.1],3.1 [2.4-4.2],3.2 [2.6-4.2]
Philippines,4.0 [3.7-4.4],4.1 [3.9-4.4],4.2 [4.0-4.4],4.3 [4.2-4.4],4.4 [4.3-4.5]
Poland,1.0 [1.0-1.1],1.0 [1.0-1.1],1.1 [1.0-1.1],1.1 [1.1-1.1],1.1 [1.1-1.2]
Portugal,0.8 [0.7-0.9],0.8 [0.7-0.9],1.1 [1.0-1.2],0.9 [0.8-0.9],0.9 [0.9-1.0]
Qatar,1.4 [1.0-1.7],1.5 [1.1-1.8],1.5 [1.3-1.8],1.6 [1.4-1.9],1.7 [1.5-1.9]
Republic of Korea,0.8 [0.7-0.8],0.8 [0.8-0.9],0.8 [0.8-0.9],0.9 [0.8-0.9],0.9 [0.9-0.9]
Republic of Moldova,2.7 [2.5-2.9],2.7 [2.5-2.9],2.7 [2.5-2.9],2.7 [2.6-2.9],2.7 [2.6-2.9]
North Macedonia,1.3 [1.2-1.6],1.4 [1.2-1.5],1.4 [1.2-1.5],1.4 [1.2-1.5],1.4 [1.3-1.5]
Romania,1.6 [1.5-1.8],1.8 [1.7-1.9],1.9 [1.8-2.0],2.0 [1.9-2.1],2.0 [2.0-2.1]
Russian Federation,1.9 [1.9-2.0],2.1 [2.1-2.2],2.3 [2.2-2.3],2.4 [2.3-2.4],2.5 [2.5-2.6]
Rwanda,9.5 [5.0-19.8],9.9 [5.5-19.4],10.4 [6.2-19.0],11.0 [7.0-18.4],11.8 [8.0-18.0]
Saint Kitts and Nevis,2.9 [2.3-3.8],3.0 [2.3-3.8],3.0 [2.4-3.9],3.1 [2.4-4.0],3.1 [2.4-4.0]
Saint Lucia,3.1 [2.3-4.2],3.1 [2.3-4.1],3.1 [2.4-4.1],3.1 [2.5-3.9],3.1 [2.5-3.9]
Saint Vincent and the Grenadines,4.8 [3.5-6.5],4.8 [3.6-6.4],4.8 [3.7-6.3],4.8 [3.8-6.1],4.7 [3.8-5.9]
Samoa,3.5 [2.7-4.5],3.6 [2.8-4.6],3.7 [2.9-4.7],3.8 [2.9-4.8],3.9 [3.0-4.9]
San Marino,0.5 [0.4-0.7],0.5 [0.4-0.7],0.5 [0.4-0.7],0.6 [0.4-0.7],0.6 [0.5-0.8]
Sao Tome and Principe,6.0 [4.7-7.7],6.2 [4.9-8.0],6.4 [5.1-8.2],6.7 [5.3-8.6],7.0 [5.5-8.9]
Saudi Arabia,1.7 [1.4-2.2],1.8 [1.4-2.3],1.9 [1.5-2.4],2.0 [1.5-2.5],2.1 [1.6-2.6]
Senegal,10.4 [7.4-14.2],10.9 [8.1-14.4],11.6 [8.9-14.7],12.4 [10.0-15.2],13.2 [11.1-15.7]
Serbia,1.2 [1.0-1.5],1.2 [1.1-1.4],1.2 [1.1-1.4],1.3 [1.2-1.4],1.3 [1.2-1.4]
Seychelles,2.5 [1.6-3.9],2.6 [1.7-3.9],2.6 [1.8-3.9],2.7 [1.9-3.8],2.7 [2.0-3.7]
Sierra Leone,21.6 [16.8-27.5],22.4 [17.5-28.6],23.3 [18.2-29.8],24.3 [19.0-31.0],25.3 [19.8-32.3]
Singapore,0.7 [0.6-0.8],0.7 [0.6-0.8],0.7 [0.7-0.8],0.8 [0.7-0.8],0.8 [0.7-0.9]
Slovakia,1.3 [1.1-1.4],1.3 [1.2-1.4],1.3 [1.2-1.4],1.4 [1.3-1.5],1.4 [1.3-1.5]
Slovenia,0.7 [0.6-0.8],0.7 [0.6-0.9],0.8 [0.7-0.9],0.8 [0.7-0.9],0.8 [0.7-0.9]
Solomon Islands,4.4 [3.4-5.6],4.5 [3.5-5.7],4.6 [3.6-5.9],4.7 [3.7-6.0],4.8 [3.8-6.2]
Somalia,25.4 [19.8-32.6],26.1 [20.3-33.5],26.9 [21.0-34.5],27.7 [21.7-35.6],28.6 [22.4-36.8]
South Africa,5.5 [4.6-6.5],5.8 [5.2-6.5],6.2 [5.7-6.7],6.7 [6.2-7.2],7.2 [6.7-7.7]
South Sudan,21.0 [16.3-27.0],21.0 [16.3-27.0],21.0 [16.3-27.0],21.0 [16.3-27.0],21.0 [16.3-27.0]
Spain,0.7 [0.7-0.8],0.7 [0.7-0.8],0.8 [0.7-0.8],0.8 [0.8-0.8],0.8 [0.8-0.9]
Sri Lanka,1.7 [1.4-2.0],1.8 [1.5-2.0],1.9 [1.7-2.1],2.0 [1.9-2.2],2.3 [2.1-2.4]
Sudan,8.2 [5.0-13.2],8.4 [5.2-13.3],8.7 [5.6-13.4],9.0 [5.9-13.5],9.3 [6.2-13.5]
Suriname,2.9 [2.2-3.8],3.0 [2.3-3.8],3.1 [2.5-3.8],3.2 [2.6-3.8],3.2 [2.7-3.8]
Sweden,0.7 [0.7-0.8],0.7 [0.7-0.8],0.7 [0.7-0.8],0.8 [0.7-0.8],0.8 [0.7-0.8]
Switzerland,0.7 [0.6-0.8],0.7 [0.6-0.8],0.7 [0.7-0.8],0.7 [0.7-0.8],0.8 [0.7-0.8]
Syrian Arab Republic,10.0 [7.5-13.4],15.6 [12.2-20.1],24.6 [19.9-30.6],30.0 [25.0-35.8],32.6 [28.1-37.7]
Tajikistan,1.5 [1.0-2.2],1.5 [1.0-2.2],1.6 [1.1-2.2],1.6 [1.2-2.2],1.7 [1.3-2.3]
Thailand,4.2 [4.0-4.4],4.2 [4.1-4.4],4.3 [4.2-4.4],4.3 [4.2-4.4],4.4 [4.3-4.5]
Timor-Leste,8.3 [6.5-10.6],8.5 [6.7-10.9],8.8 [6.9-11.2],9.0 [7.1-11.5],9.3 [7.3-11.8]
Togo,12.8 [9.2-16.9],13.3 [9.7-17.2],13.7 [10.3-17.5],14.2 [10.9-17.9],14.8 [11.6-18.3]
Tonga,2.4 [1.7-3.3],2.5 [1.8-3.4],2.6 [2.0-3.4],2.8 [2.2-3.5],2.9 [2.4-3.6]
Trinidad and Tobago,2.4 [1.7-3.2],2.4 [1.8-3.2],2.5 [1.9-3.2],2.6 [2.1-3.2],2.6 [2.2-3.2]
Tunisia,3.2 [3.0-3.5],3.3 [3.1-3.5],3.3 [3.1-3.4],3.3 [3.2-3.4],3.3 [3.1-3.4]
Turkey,1.9 [1.9-2.0],2.0 [2.0-2.1],2.1 [2.1-2.2],2.3 [2.2-2.3],2.5 [2.4-2.5]
Turkmenistan,3.7 [3.2-4.3],3.8 [3.4-4.3],3.9 [3.5-4.2],3.9 [3.7-4.2],4.0 [3.8-4.2]
Tuvalu,5.1 [4.0-6.5],5.2 [4.1-6.7],5.4 [4.2-6.9],5.5 [4.3-7.1],5.7 [4.4-7.3]
Uganda,13.9 [10.3-18.4],14.2 [10.8-18.5],14.6 [11.3-18.7],15.0 [11.8-18.9],15.4 [12.3-19.1]
Ukraine,1.7 [1.6-1.8],1.8 [1.7-1.8],1.9 [1.8-1.9],1.9 [1.9-2.0],2.0 [2.0-2.1]
United Arab Emirates,1.9 [1.5-2.4],1.9 [1.5-2.5],1.9 [1.5-2.5],2.0 [1.5-2.5],2.0 [1.5-2.5]
United Kingdom of Great Britain and Northern Ireland,0.8 [0.7-0.8],0.8 [0.8-0.8],0.8 [0.8-0.8],0.8 [0.8-0.8],0.8 [0.8-0.9]
United Republic of Tanzania,11.5 [7.7-21.2],11.7 [8.1-20.8],12.0 [8.5-20.3],12.2 [8.9-19.7],12.5 [9.3-18.7]
United States of America,1.4 [1.3-1.5],1.4 [1.3-1.4],1.4 [1.3-1.4],1.3 [1.3-1.4],1.3 [1.3-1.3]
Uruguay,1.6 [1.5-1.8],1.7 [1.5-1.8],1.7 [1.6-1.8],1.8 [1.7-1.9],1.8 [1.7-1.9]
Uzbekistan,3.8 [3.4-4.2],3.8 [3.6-4.1],3.9 [3.7-4.0],3.9 [3.8-4.0],3.9 [3.8-4.0]
Vanuatu,5.4 [4.2-6.9],5.5 [4.3-7.1],5.7 [4.4-7.2],5.8 [4.5-7.4],5.9 [4.6-7.5]
Venezuela (Bolivarian Republic of),3.5 [3.1-3.8],3.5 [3.2-3.7],3.5 [3.3-3.6],3.5 [3.3-3.6],3.4 [3.4-3.5]
Viet Nam,2.5 [1.7-3.8],2.6 [1.8-3.8],2.7 [1.9-3.8],2.8 [2.0-3.9],2.9 [2.2-4.0]
Yemen,12.6 [8.1-19.1],12.9 [8.6-19.1],9.8 [6.6-14.1],9.7 [6.7-13.6],10.5 [7.5-14.4]
Zambia,11.0 [7.5-15.0],11.4 [8.0-15.2],11.8 [8.6-15.5],12.3 [9.3-15.7],12.7 [10.0-16.0]
Zimbabwe,11.9 [8.0-16.2],12.2 [8.7-16.2],12.5 [9.4-16.1],12.9 [10.1-16.0],13.3 [10.9-16.0]
